{
    "parent": "item/generated",
    "textures": {
        "layer0": "item/music_disc_11"
    },
    "overrides": [
        {
            "predicate": {
                "custom_model_data": 1
            },
            "model": "item/music_disc_unknownartistlikethewindaufrthreethreeremaster"
        },
        {
            "predicate": {
                "custom_model_data": 2
            },
            "model": "item/music_disc_emergencysiren"
        },
        {
            "predicate": {
                "custom_model_data": 3
            },
            "model": "item/music_disc_bluesroombirthdaypartysurprise"
        },
        {
            "predicate": {
                "custom_model_data": 4
            },
            "model": "item/music_disc_lexdoessuperwhytrapremix"
        }
    ]
}