{
"music_disc.unknownartistlikethewindaufrthreethreeremaster": {
    "sounds": [
        {
            "name": "records/unknownartistlikethewindaufrthreethreeremaster",
            "stream": true
        }
    ]
},

"music_disc.emergencysiren": {
    "sounds": [
        {
            "name": "records/emergencysiren",
            "stream": true
        }
    ]
},

"music_disc.bluesroombirthdaypartysurprise": {
    "sounds": [
        {
            "name": "records/bluesroombirthdaypartysurprise",
            "stream": true
        }
    ]
},

"music_disc.lexdoessuperwhytrapremix": {
    "sounds": [
        {
            "name": "records/lexdoessuperwhytrapremix",
            "stream": true
        }
    ]
}
}